category,data_period,total_children,single_men,single_women,total_single_adults,families_with_children,total_families,total_adults_in_families
number of individuals who are on wait-list - DYCD-administered transitional independent living facilities,201810,,,,,,,
"Average Length of Stay: DHS -administered facility (by type, excluding drop-in and faith-based)",201810,,,,,,,
Average Length of Stay: DYCD -administered crisis facility,201810,27,,,,,,
number of unduplicated persons - DYCD-administered facilities,201810,38,170,119,289,12,12,22
number of unduplicated persons - DYCD-administered crisis shelters,201810,25,73,60,133,7,7,16
number of unduplicated persons - DYCD-administered transitional independent living facilities,201810,3,27,9,36,5,5,6
Average Length of Stay: DYCD -administered Temporary Independent Living (TIL) facility,201810,121,,,,,,
average monthly utilization rates - DYCD-administered facilities,201810,0.95,,,,,,
average monthly utilization rates - DYCD-administered crisis shelters,201810,0.96,,,,,,
average monthly utilization rates - DYCD-administered drop-in centers,201810,,,,,,,
average monthly utilization rates - DYCD-administered transitional independent living facilities,201810,0.95,,,,,,
number of individuals who are on wait-lists for DYCD-administered facilities,201810,,,,,,,
number of individuals who are on wait-list - DYCD-administered facilities,201810,,,,,,,
number of individuals who are on wait-list - DYCD-administered crisis shelters,201810,,,,,,,
number of individuals who are on wait-list - DYCD-administered drop-in centers,201810,,,,,,,
number of unduplicated persons - DYCD-administered drop-in centers,201810,10,70,50,120,,,0
average monthly utilization rates - DYCD-administered transitional independent living facilities,201811,0.93,,,,,,
number of individuals who are on wait-lists for DYCD-administered facilities,201811,,,,,,,
number of individuals who are on wait-list - DYCD-administered facilities,201811,,,,,,,
number of individuals who are on wait-list - DYCD-administered crisis shelters,201811,,,,,,,
number of individuals who are on wait-list - DYCD-administered drop-in centers,201811,,,,,,,
number of individuals who are on wait-list - DYCD-administered transitional independent living facilities,201811,,,,,,,
"Average Length of Stay: DHS -administered facility (by type, excluding drop-in and faith-based)",201811,,,,,,,
Average Length of Stay: DYCD -administered crisis facility,201811,38,,,,,,
Average Length of Stay: DYCD -administered Temporary Independent Living (TIL) facility,201811,149,,,,,,
average monthly utilization rates - DYCD-administered facilities,201811,0.94,,,,,,
number of unduplicated persons - DYCD-administered drop-in centers,201811,6,42,43,85,,,
number of unduplicated persons - DYCD-administered crisis shelters,201811,15,51,26,77,8,8,8
number of unduplicated persons - DYCD-administered facilities,201811,33,118,96,214,13,13,13
number of unduplicated persons - DYCD-administered transitional independent living facilities,201811,12,25,27,52,5,5,5
average monthly utilization rates - DYCD-administered crisis shelters,201811,0.95,,,,,,
average monthly utilization rates - DYCD-administered drop-in centers,201811,,,,,,,
number of unduplicated persons - DYCD-administered facilities,201812,26,135,102,237,6,6,4
number of unduplicated persons - DYCD-administered drop-in centers,201812,3,49,38,87,,,
average monthly utilization rates - DYCD-administered facilities,201812,,0.92,,,,,
average monthly utilization rates - DYCD-administered crisis shelters,201812,,0.93,,,,,
average monthly utilization rates - DYCD-administered drop-in centers,201812,,,,,,,
average monthly utilization rates - DYCD-administered transitional independent living facilities,201812,,0.92,,,,,
number of individuals who are on wait-lists for DYCD-administered facilities,201812,,,,,,,
number of individuals who are on wait-list - DYCD-administered facilities,201812,,,,,,,
number of individuals who are on wait-list - DYCD-administered crisis shelters,201812,,,,,,,
number of individuals who are on wait-list - DYCD-administered drop-in centers,201812,,,,,,,
number of individuals who are on wait-list - DYCD-administered transitional independent living facilities,201812,,,,,,,
"Average Length of Stay: DHS -administered facility (by type, excluding drop-in and faith-based)",201812,,,,,,,
Average Length of Stay: DYCD -administered crisis facility,201812,,39,,,,,
Average Length of Stay: DYCD -administered Temporary Independent Living (TIL) facility,201812,,146,,,,,
number of unduplicated persons - DYCD-administered transitional independent living facilities,201812,5,20,13,33,1,1,1
number of unduplicated persons - DYCD-administered crisis shelters,201812,18,66,51,117,5,5,3
number of individuals who are on wait-list - DYCD-administered facilities,201901,,,,,,,
number of individuals who are on wait-list - DYCD-administered crisis shelters,201901,,,,,,,
number of individuals who are on wait-list - DYCD-administered drop-in centers,201901,,,,,,,
number of unduplicated persons - DYCD-administered drop-in centers,201901,8,56,45,101,,,
number of individuals who are on wait-list - DYCD-administered transitional independent living facilities,201901,,,,,,,
number of unduplicated persons - DYCD-administered facilities,201901,28,121,135,256,7,7,7
"Average Length of Stay: DHS -administered facility (by type, excluding drop-in and faith-based)",201901,,,,,,,
number of unduplicated persons - DYCD-administered transitional independent living facilities,201901,10,15,27,42,4,4,4
Average Length of Stay: DYCD -administered crisis facility,201901,,22.7,,,,,
average monthly utilization rates - DYCD-administered crisis shelters,201901,,0.94,,,,,
average monthly utilization rates - DYCD-administered drop-in centers,201901,,,,,,,
number of unduplicated persons - DYCD-administered crisis shelters,201901,10,50,63,113,3,3,3
Average Length of Stay: DYCD -administered Temporary Independent Living (TIL) facility,201901,,188,,,,,
average monthly utilization rates - DYCD-administered facilities,201901,,0.93,,,,,
average monthly utilization rates - DYCD-administered transitional independent living facilities,201901,,0.92,,,,,
number of individuals who are on wait-lists for DYCD-administered facilities,201901,,,,,,,
number of individuals who are on wait-list - DYCD-administered transitional independent living facilities,201902,,,,,,,
number of unduplicated persons - DYCD-administered drop-in centers,201902,3,75,60,135,,,
average monthly utilization rates - DYCD-administered facilities,201902,,0.92,,,,,
average monthly utilization rates - DYCD-administered crisis shelters,201902,,0.92,,,,,
average monthly utilization rates - DYCD-administered transitional independent living facilities,201902,,0.91,,,,,
number of individuals who are on wait-lists for DYCD-administered facilities,201902,,,,,,,
number of individuals who are on wait-list - DYCD-administered facilities,201902,,,,,,,
number of individuals who are on wait-list - DYCD-administered crisis shelters,201902,,,,,,,
number of individuals who are on wait-list - DYCD-administered drop-in centers,201902,,,,,,,
"Average Length of Stay: DHS -administered facility (by type, excluding drop-in and faith-based)",201902,,,,,,,
Average Length of Stay: DYCD -administered crisis facility,201902,,18.4,,,,,
Average Length of Stay: DYCD -administered Temporary Independent Living (TIL) facility,201902,,190.8,,,,,
average monthly utilization rates - DYCD-administered drop-in centers,201902,,,,,,,
number of unduplicated persons - DYCD-administered transitional independent living facilities,201902,8,16,15,31,6,6,6
number of unduplicated persons - DYCD-administered facilities,201902,24,148,130,278,13,13,13
number of unduplicated persons - DYCD-administered crisis shelters,201902,13,57,55,112,7,7,7
number of individuals who are on wait-list - DYCD-administered facilities,201903,,,,,,,
number of unduplicated persons - DYCD-administered facilities,201903,35,158,139,297,10,10,10
"Average Length of Stay: DHS -administered facility (by type, excluding drop-in and faith-based)",201903,,,,,,,
number of individuals who are on wait-list - DYCD-administered transitional independent living facilities,201903,,,,,,,
Average Length of Stay: DYCD -administered Temporary Independent Living (TIL) facility,201903,,184.8,,,,,
number of unduplicated persons - DYCD-administered crisis shelters,201903,16,54,62,116,8,8,8
average monthly utilization rates - DYCD-administered drop-in centers,201903,,,,,,,
number of unduplicated persons - DYCD-administered drop-in centers,201903,14,73,44,117,,,
average monthly utilization rates - DYCD-administered facilities,201903,,0.92,,,,,
Average Length of Stay: DYCD -administered crisis facility,201903,,18.8,,,,,
number of individuals who are on wait-list - DYCD-administered crisis shelters,201903,,,,,,,
average monthly utilization rates - DYCD-administered crisis shelters,201903,,0.93,,,,,
number of individuals who are on wait-lists for DYCD-administered facilities,201903,,,,,,,
number of individuals who are on wait-list - DYCD-administered drop-in centers,201903,,,,,,,
number of unduplicated persons - DYCD-administered transitional independent living facilities,201903,5,31,33,64,2,2,2
average monthly utilization rates - DYCD-administered transitional independent living facilities,201903,,0.91,,,,,
average monthly utilization rates - DYCD-administered transitional independent living facilities,201904,,0.9,,,,,
"Average Length of Stay: DHS -administered facility (by type, excluding drop-in and faith-based)",201904,,,,,,,
number of individuals who are on wait-list - DYCD-administered crisis shelters,201904,,,,,,,
number of individuals who are on wait-list - DYCD-administered facilities,201904,,,,,,,
Average Length of Stay: DYCD -administered Temporary Independent Living (TIL) facility,201904,,147,,,,,
number of unduplicated persons - DYCD-administered crisis shelters,201904,23,38,75,113,9,9,9
average monthly utilization rates - DYCD-administered facilities,201904,,0.91,,,,,
average monthly utilization rates - DYCD-administered crisis shelters,201904,,0.86,,,,,
number of unduplicated persons - DYCD-administered facilities,201904,59,145,148,293,16,16,16
number of unduplicated persons - DYCD-administered drop-in centers,201904,24,83,49,132,,,
average monthly utilization rates - DYCD-administered drop-in centers,201904,,,,,,,
number of individuals who are on wait-list - DYCD-administered transitional independent living facilities,201904,,,,,,,
number of individuals who are on wait-list - DYCD-administered drop-in centers,201904,,,,,,,
Average Length of Stay: DYCD -administered crisis facility,201904,,18.5,,,,,
number of unduplicated persons - DYCD-administered transitional independent living facilities,201904,12,24,24,48,7,7,7
number of individuals who are on wait-lists for DYCD-administered facilities,201904,,,,,,,
number of unduplicated persons - DYCD-administered facilities,201905,42,178,129,307,13,13,11
number of unduplicated persons - DYCD-administered crisis shelters,201905,29,72,58,130,9,9,7
number of individuals who are on wait-lists for DYCD-administered facilities,201905,,,,,,,
,201905,,,,,,,
,201905,,,,,,,
number of unduplicated persons - DYCD-administered drop-in centers,201905,7,87,48,135,,,
number of individuals who are on wait-list - DYCD-administered drop-in centers,201905,,,,,,,
average monthly utilization rates - DYCD-administered transitional independent living facilities,201905,,0.89,,,,,
average monthly utilization rates - DYCD-administered drop-in centers,201905,,,,,,,
Average Length of Stay: DYCD -administered crisis facility,201905,,18,,,,,
average monthly utilization rates - DYCD-administered crisis shelters,201905,,0.92,,,,,
number of individuals who are on wait-list - DYCD-administered transitional independent living facilities,201905,,,,,,,
Average Length of Stay: DYCD - administered Transitional Independent Living Program (TIL) facility,201905,,211,,,,,
"Average Length of Stay: DHS -administered facility (by type, excluding drop-in and faith-based)",201905,,,,,,,
number of individuals who are on wait-list - DYCD-administered crisis shelters,201905,,,,,,,
number of unduplicated persons - DYCD-administered transitional independent living facilities,201905,6,19,23,42,4,4,4
number of individuals who are on wait-list - DYCD-administered facilities,201905,,,,,,,
average monthly utilization rates - DYCD-administered facilities,201905,,0.91,,,,,
average monthly utilization rates - DYCD-administered drop-in centers,201906,,,,,,,
number of individuals who are on wait-lists for DYCD-administered facilities,201906,,,,,,,
number of unduplicated persons - DYCD-administered crisis shelters,201906,18,64,53,117,3,3,3
average monthly utilization rates - DYCD-administered crisis shelters,201906,,0.88,,,,,
Average Length of Stay: DYCD - administered Transitional Independent Living Program (TIL) facility,201906,,169,,,,,
number of individuals who are on wait-list - DYCD-administered drop-in centers,201906,,,,,,,
number of individuals who are on wait-list - DYCD-administered transitional independent living facilities,201906,,,,,,,
number of unduplicated persons - DYCD-administered drop-in centers,201906,8,52,59,111,,,
number of individuals who are on wait-list - DYCD-administered facilities,201906,,,,,,,
average monthly utilization rates - DYCD-administered transitional independent living facilities,201906,,0.89,,,,,
,201906,,,,,,,
,201906,,,,,,,
"Average Length of Stay: DHS -administered facility (by type, excluding drop-in and faith-based)",201906,,,,,,,
number of unduplicated persons - DYCD-administered facilities,201906,31,153,134,287,5,5,5
Average Length of Stay: DYCD -administered crisis facility,201906,,14,,,,,
number of unduplicated persons - DYCD-administered transitional independent living facilities,201906,5,37,22,59,2,2,2
number of individuals who are on wait-list - DYCD-administered crisis shelters,201906,,,,,,,
average monthly utilization rates - DYCD-administered facilities,201906,,0.89,,,,,
number of unduplicated persons - DYCD-administered facilities,201907,96,382,345,727,47,47,47
number of unduplicated persons - DYCD-administered crisis shelters,201907,60,189,179,368,29,29,29
number of unduplicated persons - DYCD-administered drop-in centers,201907,56,181,118,299,,,
number of unduplicated persons - DYCD-administered transitional independent living facilities,201907,36,193,166,359,18,18,18
average monthly utilization rates - DYCD-administered facilities,201907,,0.87,,,,,
average monthly utilization rates - DYCD-administered crisis shelters,201907,,0.9,,,,,
average monthly utilization rates - DYCD-administered drop-in centers,201907,,,,,,,
average monthly utilization rates - DYCD-administered transitional independent living facilities,201907,,0.83,,,,,
,201907,,,,,,,
number of individuals who are on wait-lists for DYCD-administered facilities,201907,,,,,,,
number of individuals who are on wait-list - DYCD-administered facilities,201907,,,,,,,
number of individuals who are on wait-list - DYCD-administered crisis shelters,201907,,,,,,,
number of individuals who are on wait-list - DYCD-administered drop-in centers,201907,,,,,,,
number of individuals who are on wait-list - DYCD-administered transitional independent living facilities,201907,,,,,,,
,201907,,,,,,,
"Average Length of Stay: DHS -administered facility (by type, excluding drop-in and faith-based)",201907,,,,,,,
Average Length of Stay: DYCD -administered crisis facility,201907,,16,,,,,
Average Length of Stay: DYCD - administered Transitional Independent Living Program (TIL) facility,201907,,168,,,,,
number of unduplicated persons - DYCD-administered facilities,201908,50,177,160,337,15,15,15
number of unduplicated persons - DYCD-administered crisis shelters,201908,26,78,61,139,8,8,8
number of unduplicated persons - DYCD-administered drop-in centers,201908,11,60,61,121,,,
number of unduplicated persons - DYCD-administered transitional independent living facilities,201908,13,39,38,77,7,7,7
average monthly utilization rates - DYCD-administered facilities,201908,,0.83,,,,,
average monthly utilization rates - DYCD-administered crisis shelters,201908,,0.86,,,,,
average monthly utilization rates - DYCD-administered drop-in centers,201908,,,,,,,
average monthly utilization rates - DYCD-administered transitional independent living facilities,201908,,0.82,,,,,
,201908,,,,,,,
number of individuals who are on wait-lists for DYCD-administered facilities,201908,,,,,,,
number of individuals who are on wait-list - DYCD-administered facilities,201908,,,,,,,
number of individuals who are on wait-list - DYCD-administered crisis shelters,201908,,,,,,,
number of individuals who are on wait-list - DYCD-administered drop-in centers,201908,,,,,,,
number of individuals who are on wait-list - DYCD-administered transitional independent living facilities,201908,,,,,,,
,201908,,,,,,,
"Average Length of Stay: DHS -administered facility (by type, excluding drop-in and faith-based)",201908,,,,,,,
Average Length of Stay: DYCD -administered crisis facility,201908,,13,,,,,
Average Length of Stay: DYCD - administered Transitional Independent Living Program (TIL) facility,201908,,144,,,,,
,201908,,,,,,,
number of unduplicated persons - DYCD-administered facilities,201909,57,157,164,321,8,8,6
number of unduplicated persons - DYCD-administered crisis shelters,201909,24,62,82,144,5,5,4
number of unduplicated persons - DYCD-administered drop-in centers,201909,21,67,59,126,,,
number of unduplicated persons - DYCD-administered transitional independent living facilities,201909,12,28,23,51,3,3,2
average monthly utilization rates - DYCD-administered facilities,201909,,0.81,,,,,
average monthly utilization rates - DYCD-administered crisis shelters,201909,,0.86,,,,,
average monthly utilization rates - DYCD-administered drop-in centers,201909,,,,,,,
average monthly utilization rates - DYCD-administered transitional independent living facilities,201909,,0.79,,,,,
,201909,,,,,,,
number of individuals who are on wait-lists for DYCD-administered facilities,201909,,,,,,,
number of individuals who are on wait-list - DYCD-administered facilities,201909,,,,,,,
number of individuals who are on wait-list - DYCD-administered crisis shelters,201909,,,,,,,
number of individuals who are on wait-list - DYCD-administered drop-in centers,201909,,,,,,,
number of individuals who are on wait-list - DYCD-administered transitional independent living facilities,201909,,,,,,,
,201909,,,,,,,
"Average Length of Stay: DHS -administered facility (by type, excluding drop-in and faith-based)",201909,,,,,,,
Average Length of Stay: DYCD -administered crisis facility,201909,,13,,,,,
Average Length of Stay: DYCD - administered Transitional Independent Living Program (TIL) facility,201909,,161,,,,,
,201909,,,,,,,
number of unduplicated persons - DYCD-administered facilities,201911,32,182,134,316,9,9,9
number of unduplicated persons - DYCD-administered crisis shelters,201911,24,68,71,139,9,9,9
number of unduplicated persons - DYCD-administered drop-in centers,201911,5,61,31,92,,,
number of unduplicated persons - DYCD-administered transitional independent living facilities,201911,3,53,32,85,0,0,0
average monthly utilization rates - DYCD-administered facilities,201911,,0.83,,,,,
average monthly utilization rates - DYCD-administered crisis shelters,201911,,0.87,,,,,
average monthly utilization rates - DYCD-administered drop-in centers,201911,,,,,,,
average monthly utilization rates - DYCD-administered transitional independent living facilities,201911,,0.82,,,,,
number of individuals who are on wait-lists for DYCD-administered facilities,201911,,,,,,,
number of individuals who are on wait-list - DYCD-administered facilities,201911,,,,,,,
number of individuals who are on wait-list - DYCD-administered crisis shelters,201911,,,,,,,
number of individuals who are on wait-list - DYCD-administered drop-in centers,201911,,,,,,,
number of individuals who are on wait-list - DYCD-administered transitional independent living facilities,201911,,,,,,,
"Average Length of Stay: DHS -administered facility (by type, excluding drop-in and faith-based)",201911,,,,,,,
Average Length of Stay: DYCD -administered crisis facility,201911,,14,,,,,
Average Length of Stay: DYCD - administered Transitional Independent Living Program (TIL) facility,201911,,190,,,,,
,201911,,,,,,,
number of unduplicated persons - DYCD-administered facilities,201912,41,180,130,310,13,13,13
number of unduplicated persons - DYCD-administered crisis shelters,201912,23,85,69,154,9,9,9
number of unduplicated persons - DYCD-administered drop-in centers,201912,5,49,32,81,,,
number of unduplicated persons - DYCD-administered transitional independent living facilities,201912,13,46,29,75,4,4,4
average monthly utilization rates - DYCD-administered facilities,201912,,0.83,,,,,
average monthly utilization rates - DYCD-administered crisis shelters,201912,,0.87,,,,,
average monthly utilization rates - DYCD-administered drop-in centers,201912,,,,,,,
average monthly utilization rates - DYCD-administered transitional independent living facilities,201912,,0.84,,,,,
,201912,,,,,,,
number of individuals who are on wait-lists for DYCD-administered facilities,201912,,,,,,,
number of individuals who are on wait-list - DYCD-administered facilities,201912,,,,,,,
number of individuals who are on wait-list - DYCD-administered crisis shelters,201912,,,,,,,
number of individuals who are on wait-list - DYCD-administered drop-in centers,201912,,,,,,,
number of individuals who are on wait-list - DYCD-administered transitional independent living facilities,201912,,,,,,,
,201912,,,,,,,
"Average Length of Stay: DHS -administered facility (by type, excluding drop-in and faith-based)",201912,,,,,,,
Average Length of Stay: DYCD -administered crisis facility,201912,,25,,,,,
Average Length of Stay: DYCD - administered Transitional Independent Living Program (TIL) facility,201912,,117,,,,,
,201912,,,,,,,
number of unduplicated persons - DYCD-administered facilities,202001,54,213,165,378,15,15,15
number of unduplicated persons - DYCD-administered crisis shelters,202001,22,74,72,146,8,8,8
number of unduplicated persons - DYCD-administered drop-in centers,202001,17,96,59,155,,,
number of unduplicated persons - DYCD-administered transitional independent living facilities,202001,15,43,34,77,7,7,7
average monthly utilization rates - DYCD-administered facilities,202001,,0.86,,,,,
average monthly utilization rates - DYCD-administered crisis shelters,202001,,0.91,,,,,
average monthly utilization rates - DYCD-administered drop-in centers,202001,,,,,,,
average monthly utilization rates - DYCD-administered transitional independent living facilities,202001,,0.86,,,,,
,202001,,,,,,,
number of individuals who are on wait-lists for DYCD-administered facilities,202001,,,,,,,
number of individuals who are on wait-list - DYCD-administered facilities,202001,,,,,,,
number of individuals who are on wait-list - DYCD-administered crisis shelters,202001,,,,,,,
number of individuals who are on wait-list - DYCD-administered drop-in centers,202001,,,,,,,
number of individuals who are on wait-list - DYCD-administered transitional independent living facilities,202001,,,,,,,
,202001,,,,,,,
"Average Length of Stay: DHS -administered facility (by type, excluding drop-in and faith-based)",202001,,,,,,,
Average Length of Stay: DYCD -administered crisis facility,202001,,23,,,,,
Average Length of Stay: DYCD - administered Transitional Independent Living Program (TIL) facility,202001,,165,,,,,
,202001,,,,,,,
number of unduplicated persons - DYCD-administered facilities,202002,40,185,134,319,8,8,8
number of unduplicated persons - DYCD-administered crisis shelters,202002,19,83,62,145,4,4,4
number of unduplicated persons - DYCD-administered drop-in centers,202002,11,77,48,125,,,
number of unduplicated persons - DYCD-administered transitional independent living facilities,202002,10,25,24,49,4,4,4
average monthly utilization rates - DYCD-administered facilities,202002,,0.88,,,,,
average monthly utilization rates - DYCD-administered crisis shelters,202002,,0.89,,,,,
average monthly utilization rates - DYCD-administered drop-in centers,202002,,,,,,,
average monthly utilization rates - DYCD-administered transitional independent living facilities,202002,,0.87,,,,,
,202002,,,,,,,
number of individuals who are on wait-lists for DYCD-administered facilities,202002,,,,,,,
number of individuals who are on wait-list - DYCD-administered facilities,202002,,,,,,,
number of individuals who are on wait-list - DYCD-administered crisis shelters,202002,,,,,,,
number of individuals who are on wait-list - DYCD-administered drop-in centers,202002,,,,,,,
number of individuals who are on wait-list - DYCD-administered transitional independent living facilities,202002,,,,,,,
,202002,,,,,,,
"Average Length of Stay: DHS -administered facility (by type, excluding drop-in and faith-based)",202002,,,,,,,
Average Length of Stay: DYCD -administered crisis facility,202002,,26,,,,,
Average Length of Stay: DYCD - administered Transitional Independent Living Program (TIL) facility,202002,,189,,,,,
,202002,,,,,,,
,202003,,,,,,,
number of unduplicated persons - DYCD-administered facilities,202003,38,163,123,286,10,10,9
number of unduplicated persons - DYCD-administered crisis shelters,202003,28,60,68,128,7,7,6
number of unduplicated persons - DYCD-administered drop-in centers,202003,4,67,26,93,,,
number of unduplicated persons - DYCD-administered transitional independent living facilities,202003,6,36,29,65,3,3,3
average monthly utilization rates - DYCD-administered facilities,202003,,0.87,,,,,
average monthly utilization rates - DYCD-administered crisis shelters,202003,,0.84,,,,,
average monthly utilization rates - DYCD-administered drop-in centers,202003,,,,,,,
average monthly utilization rates - DYCD-administered transitional independent living facilities,202003,,0.88,,,,,
,202003,,,,,,,
number of individuals who are on wait-lists for DYCD-administered facilities,202003,,,,,,,
number of individuals who are on wait-list - DYCD-administered facilities,202003,,,,,,,
number of individuals who are on wait-list - DYCD-administered crisis shelters,202003,,,,,,,
number of individuals who are on wait-list - DYCD-administered drop-in centers,202003,,,,,,,
number of individuals who are on wait-list - DYCD-administered transitional independent living facilities,202003,,,,,,,
,202003,,,,,,,
"Average Length of Stay: DHS -administered facility (by type, excluding drop-in and faith-based)",202003,,,,,,,
Average Length of Stay: DYCD -administered crisis facility,202003,,26,,,,,
Average Length of Stay: DYCD - administered Transitional Independent Living Program (TIL) facility,202003,,183,,,,,
number of unduplicated persons - DYCD-administered facilities,202004,22,79,75,154,5,5,5
number of unduplicated persons - DYCD-administered crisis shelters,202004,13,37,43,80,3,3,3
number of unduplicated persons - DYCD-administered drop-in centers,202004,3,23,16,39,,,
number of unduplicated persons - DYCD-administered transitional independent living facilities,202004,6,19,16,35,2,2,2
average monthly utilization rates - DYCD-administered facilities,202004,,0.8,,,,,
average monthly utilization rates - DYCD-administered crisis shelters,202004,,0.7,,,,,
average monthly utilization rates - DYCD-administered drop-in centers,202004,,,,,,,
average monthly utilization rates - DYCD-administered transitional independent living facilities,202004,,0.85,,,,,
,202004,,,,,,,
number of individuals who are on wait-lists for DYCD-administered facilities,202004,,,,,,,
number of individuals who are on wait-list - DYCD-administered facilities,202004,,,,,,,
number of individuals who are on wait-list - DYCD-administered crisis shelters,202004,,,,,,,
number of individuals who are on wait-list - DYCD-administered drop-in centers,202004,,,,,,,
number of individuals who are on wait-list - DYCD-administered transitional independent living facilities,202004,,,,,,,
,202004,,,,,,,
"Average Length of Stay: DHS -administered facility (by type, excluding drop-in and faith-based)",202004,,,,,,,
Average Length of Stay: DYCD -administered crisis facility,202004,,31,,,,,
Average Length of Stay: DYCD - administered Transitional Independent Living Program (TIL) facility,202004,,143,,,,,
,202004,,,,,,,
number of unduplicated persons - DYCD-administered facilities,202005,32,112,84,196,10,10,10
number of unduplicated persons - DYCD-administered crisis shelters,202005,18,57,53,110,4,4,4
number of unduplicated persons - DYCD-administered drop-in centers,202005,4,24,10,34,,,
number of unduplicated persons - DYCD-administered transitional independent living facilities,202005,10,31,21,52,6,6,6
average monthly utilization rates - DYCD-administered facilities,202005,,0.79,,,,,
average monthly utilization rates - DYCD-administered crisis shelters,202005,,0.69,,,,,
average monthly utilization rates - DYCD-administered drop-in centers,202005,,,,,,,
average monthly utilization rates - DYCD-administered transitional independent living facilities,202005,,0.84,,,,,
number of individuals who are on wait-lists for DYCD-administered facilities,202005,,,,,,,
number of individuals who are on wait-list - DYCD-administered facilities,202005,,,,,,,
number of individuals who are on wait-list - DYCD-administered crisis shelters,202005,,,,,,,
number of individuals who are on wait-list - DYCD-administered drop-in centers,202005,,,,,,,
number of individuals who are on wait-list - DYCD-administered transitional independent living facilities,202005,,,,,,,
"Average Length of Stay: DHS -administered facility (by type, excluding drop-in and faith-based)",202005,,,,,,,
Average Length of Stay: DYCD -administered crisis facility,202005,,25,,,,,
Average Length of Stay: DYCD - administered Transitional Independent Living Program (TIL) facility,202005,,160,,,,,
,202005,,,,,,,
number of unduplicated persons - DYCD-administered facilities,202006,37,120,93,213,10,9,10
number of unduplicated persons - DYCD-administered crisis shelters,202006,22,49,44,93,5,4,5
number of unduplicated persons - DYCD-administered drop-in centers,202006,5,43,26,69,,,
number of unduplicated persons - DYCD-administered transitional independent living facilities,202006,10,28,23,51,5,5,5
average monthly utilization rates - DYCD-administered facilities,202006,,0.77,,,,,
average monthly utilization rates - DYCD-administered crisis shelters,202006,,0.64,,,,,
average monthly utilization rates - DYCD-administered drop-in centers,202006,,,,,,,
average monthly utilization rates - DYCD-administered transitional independent living facilities,202006,,0.83,,,,,
number of individuals who are on wait-lists for DYCD-administered facilities,202006,,,,,,,
number of individuals who are on wait-list - DYCD-administered facilities,202006,,,,,,,
number of individuals who are on wait-list - DYCD-administered crisis shelters,202006,,,,,,,
number of individuals who are on wait-list - DYCD-administered drop-in centers,202006,,,,,,,
number of individuals who are on wait-list - DYCD-administered transitional independent living facilities,202006,,,,,,,
"Average Length of Stay: DHS -administered facility (by type, excluding drop-in and faith-based)",202006,,,,,,,
Average Length of Stay: DYCD -administered crisis facility,202006,,26,,,,,
Average Length of Stay: DYCD - administered Transitional Independent Living Program (TIL) facility,202006,,152,,,,,
,202006,,,,,,,
number of unduplicated persons - DYCD-administered facilities,202006,65,161,158,259,20,20,19
number of unduplicated persons - DYCD-administered crisis shelters,202006,34,75,85,160,13,13,12
number of unduplicated persons - DYCD-administered drop-in centers,202006,19,58,41,99,,,
number of unduplicated persons - DYCD-administered transitional independent living facilities,202006,12,28,32,60,7,7,5
average monthly utilization rates - DYCD-administered facilities,202006,,0.71,,,,,
average monthly utilization rates - DYCD-administered crisis shelters,202006,,0.64,,,,,
average monthly utilization rates - DYCD-administered drop-in centers,202006,,,,,,,
average monthly utilization rates - DYCD-administered transitional independent living facilities,202006,,0.74,,,,,
number of individuals who are on wait-lists for DYCD-administered facilities,202006,,,,,,,
number of individuals who are on wait-list - DYCD-administered facilities,202006,,,,,,,
number of individuals who are on wait-list - DYCD-administered crisis shelters,202006,,,,,,,
number of individuals who are on wait-list - DYCD-administered drop-in centers,202006,,,,,,,
number of individuals who are on wait-list - DYCD-administered transitional independent living facilities,202006,,,,,,,
"Average Length of Stay: DHS -administered facility (by type, excluding drop-in and faith-based)",202006,,,,,,,
Average Length of Stay: DYCD -administered crisis facility,202006,,21,,,,,
Average Length of Stay: DYCD - administered Transitional Independent Living Program (TIL) facility,202006,,152,,,,,
,202006,,,,,,,
number of unduplicated persons - DYCD-administered facilities,202008,38,144,131,275,11,11,9
number of unduplicated persons - DYCD-administered crisis shelters,202008,32,72,64,136,9,9,7
number of unduplicated persons - DYCD-administered drop-in centers,202008,1,55,32,87,,,
number of unduplicated persons - DYCD-administered transitional independent living facilities,202008,5,17,35,52,2,2,2
average monthly utilization rates - DYCD-administered facilities,202008,,0.73,,,,,
average monthly utilization rates - DYCD-administered crisis shelters*,202008,,0.66,,,,,
average monthly utilization rates - DYCD-administered drop-in centers,202008,,,,,,,
average monthly utilization rates - DYCD-administered transitional independent living facilities *,202008,,0.77,,,,,
number of individuals who are on wait-lists for DYCD-administered facilities,202008,,,,,,,
number of individuals who are on wait-list - DYCD-administered facilities,202008,,,,,,,
number of individuals who are on wait-list - DYCD-administered crisis shelters,202008,,,,,,,
number of individuals who are on wait-list - DYCD-administered drop-in centers,202008,,,,,,,
number of individuals who are on wait-list - DYCD-administered transitional independent living facilities,202008,,,,,,,
"Average Length of Stay: DHS -administered facility (by type, excluding drop-in and faith-based)",202008,,,,,,,
Average Length of Stay: DYCD -administered crisis facility,202008,,19,,,,,
Average Length of Stay: DYCD - administered Transitional Independent Living Program (TIL) facility,202008,,224,,,,,
number of unduplicated persons - DYCD-administered facilities,202009,36,144,131,275,11,11,8
number of unduplicated persons - DYCD-administered crisis shelters,202009,22,69,67,136,6,6,5
number of unduplicated persons - DYCD-administered drop-in centers,202009,4,45,33,78,0,,
number of unduplicated persons - DYCD-administered transitional independent living facilities,202009,10,31,20,51,5,5,3
average monthly utilization rates - DYCD-administered facilities,202009,,0.74,,,,,
average monthly utilization rates - DYCD-administered crisis shelters*,202009,,0.7,,,,,
average monthly utilization rates - DYCD-administered drop-in centers,202009,,,,,,,
average monthly utilization rates - DYCD-administered transitional independent living facilities *,202009,,0.76,,,,,
,202009,,,,,,,
number of individuals who are on wait-lists for DYCD-administered facilities,202009,,,,,,,
number of individuals who are on wait-list - DYCD-administered facilities,202009,,,,,,,
number of individuals who are on wait-list - DYCD-administered crisis shelters,202009,,,,,,,
number of individuals who are on wait-list - DYCD-administered drop-in centers,202009,,,,,,,
number of individuals who are on wait-list - DYCD-administered transitional independent living facilities,202009,,,,,,,
,202009,,,,,,,
"Average Length of Stay: DHS -administered facility (by type, excluding drop-in and faith-based)",202009,,,,,,,
Average Length of Stay: DYCD -administered crisis facility,202009,,23,,,,,
Average Length of Stay: DYCD - administered Transitional Independent Living Program (TIL) facility,202009,,182,,,,,
,202009,,,,,,,
number of unduplicated persons - DYCD-administered facilities,202010,47,150,147,297,8,8,7
number of unduplicated persons - DYCD-administered crisis shelters,202010,28,72,79,151,6,6,6
number of unduplicated persons - DYCD-administered drop-in centers,202010,7,44,37,81,0,,
number of unduplicated persons - DYCD-administered transitional independent living facilities,202010,12,34,31,68,2,2,1
average monthly utilization rates - DYCD-administered facilities,202010,,0.74,,,,,
average monthly utilization rates - DYCD-administered crisis shelters*,202010,,0.7,,,,,
average monthly utilization rates - DYCD-administered drop-in centers,202010,,,,,,,
average monthly utilization rates - DYCD-administered transitional independent living facilities *,202010,,0.76,,,,,
,202010,,,,,,,
number of individuals who are on wait-lists for DYCD-administered facilities,202010,,,,,,,
number of individuals who are on wait-list - DYCD-administered facilities,202010,,,,,,,
number of individuals who are on wait-list - DYCD-administered crisis shelters,202010,,,,,,,
number of individuals who are on wait-list - DYCD-administered drop-in centers,202010,,,,,,,
number of individuals who are on wait-list - DYCD-administered transitional independent living facilities,202010,,,,,,,
,202010,,,,,,,
"Average Length of Stay: DHS -administered facility (by type, excluding drop-in and faith-based)",202010,,,,,,,
Average Length of Stay: DYCD -administered crisis facility,202010,,22,,,,,
Average Length of Stay: DYCD - administered Transitional Independent Living Program (TIL) facility,202010,,136,,,,,
,202010,,,,,,,
number of unduplicated persons - DYCD-administered facilities,202011,34,131,98,229,5,5,5
number of unduplicated persons - DYCD-administered crisis shelters,202011,18,68,59,127,2,2,2
number of unduplicated persons - DYCD-administered drop-in centers,202011,10,36,14,50,,,
number of unduplicated persons - DYCD-administered transitional independent living facilities,202011,6,27,25,52,3,3,3
average monthly utilization rates - DYCD-administered facilities,202011,,0.77,,,,,
average monthly utilization rates - DYCD-administered crisis shelters*,202011,,0.71,,,,,
average monthly utilization rates - DYCD-administered drop-in centers,202011,,,,,,,
average monthly utilization rates - DYCD-administered transitional independent living facilities *,202011,,0.8,,,,,
,202011,,,,,,,
number of individuals who are on wait-lists for DYCD-administered facilities,202011,,,,,,,
number of individuals who are on wait-list - DYCD-administered facilities,202011,,,,,,,
number of individuals who are on wait-list - DYCD-administered crisis shelters,202011,,,,,,,
number of individuals who are on wait-list - DYCD-administered drop-in centers,202011,,,,,,,
number of individuals who are on wait-list - DYCD-administered transitional independent living facilities,202011,,,,,,,
,202011,,,,,,,
"Average Length of Stay: DHS -administered facility (by type, excluding drop-in and faith-based)",202011,,,,,,,
Average Length of Stay: DYCD -administered crisis facility,202011,,27,,,,,
Average Length of Stay: DYCD - administered Transitional Independent Living Program (TIL) facility,202011,,123,,,,,
,202011,,,,,,,
number of unduplicated persons - DYCD-administered facilities,202012,48,135,113,248,9,9,7
number of unduplicated persons - DYCD-administered crisis shelters,202012,33,64,63,127,6,6,5
number of unduplicated persons - DYCD-administered drop-in centers,202012,7,46,29,75,,,
number of unduplicated persons - DYCD-administered transitional independent living facilities,202012,8,25,21,46,3,3,2
average monthly utilization rates - DYCD-administered facilities *,202012,,0.77,,,,,
average monthly utilization rates - DYCD-administered crisis shelters*,202012,,0.72,,,,,
average monthly utilization rates - DYCD-administered drop-in centers,202012,,,,,,,
average monthly utilization rates - DYCD-administered transitional independent living facilities *,202012,,0.8,,,,,
,202012,,,,,,,
number of individuals who are on wait-lists for DYCD-administered facilities,202012,,,,,,,
number of individuals who are on wait-list - DYCD-administered facilities,202012,,,,,,,
number of individuals who are on wait-list - DYCD-administered crisis shelters,202012,,,,,,,
number of individuals who are on wait-list - DYCD-administered drop-in centers,202012,,,,,,,
number of individuals who are on wait-list - DYCD-administered transitional independent living facilities,202012,,,,,,,
,202012,,,,,,,
"Average Length of Stay: DHS -administered facility (by type, excluding drop-in and faith-based)",202012,,,,,,,
Average Length of Stay: DYCD -administered crisis facility,202012,,25,,,,,
Average Length of Stay: DYCD - administered Transitional Independent Living Program (TIL) facility,202012,,129,,,,,
,202012,,,,,,,
number of unduplicated persons - DYCD-administered facilities,202101,25,123,108,231,1,1,1
number of unduplicated persons - DYCD-administered crisis shelters,202101,13,56,57,113,1,1,1
number of unduplicated persons - DYCD-administered drop-in centers,202101,7,36,25,61,,,
number of unduplicated persons - DYCD-administered transitional independent living facilities,202101,5,31,26,57,0,0,0
average monthly utilization rates - DYCD-administered facilities *,202101,,0.74,,,,,
average monthly utilization rates - DYCD-administered crisis shelters*,202101,,0.66,,,,,
average monthly utilization rates - DYCD-administered drop-in centers,202101,,,,,,,
average monthly utilization rates - DYCD-administered transitional independent living facilities *,202101,,0.78,,,,,
,202101,,,,,,,
number of individuals who are on wait-lists for DYCD-administered facilities,202101,,,,,,,
number of individuals who are on wait-list - DYCD-administered facilities,202101,,,,,,,
number of individuals who are on wait-list - DYCD-administered crisis shelters,202101,,,,,,,
number of individuals who are on wait-list - DYCD-administered drop-in centers,202101,,,,,,,
number of individuals who are on wait-list - DYCD-administered transitional independent living facilities,202101,,,,,,,
,202101,,,,,,,
"Average Length of Stay: DHS -administered facility (by type, excluding drop-in and faith-based)",202101,,,,,,,
Average Length of Stay: DYCD -administered crisis facility,202101,,28,,,,,
Average Length of Stay: DYCD - administered Transitional Independent Living Program (TIL) facility,202101,,142,,,,,
,202101,,,,,,,
number of unduplicated persons - DYCD-administered facilities,202102,28,137,112,249,4,4,4
number of unduplicated persons - DYCD-administered crisis shelters,202102,13,56,56,112,5,5,3
number of unduplicated persons - DYCD-administered drop-in centers,202102,8,55,30,85,,,
number of unduplicated persons - DYCD-administered transitional independent living facilities,202102,7,26,26,52,3,3,3
average monthly utilization rates - DYCD-administered facilities *,202102,,0.74,,,,,
average monthly utilization rates - DYCD-administered crisis shelters*,202102,,0.65,,,,,
average monthly utilization rates - DYCD-administered drop-in centers,202102,,,,,,,
average monthly utilization rates - DYCD-administered transitional independent living facilities *,202102,,0.78,,,,,
,202102,,,,,,,
number of individuals who are on wait-lists for DYCD-administered facilities,202102,,,,,,,
number of individuals who are on wait-list - DYCD-administered facilities,202102,,,,,,,
number of individuals who are on wait-list - DYCD-administered crisis shelters,202102,,,,,,,
number of individuals who are on wait-list - DYCD-administered drop-in centers,202102,,,,,,,
number of individuals who are on wait-list - DYCD-administered transitional independent living facilities,202102,,,,,,,
,202102,,,,,,,
"Average Length of Stay: DHS -administered facility (by type, excluding drop-in and faith-based)",202102,,,,,,,
Average Length of Stay: DYCD -administered crisis facility,202102,,25,,,,,
Average Length of Stay: DYCD - administered Transitional Independent Living Program (TIL) facility,202102,,108,,,,,
,202102,,,,,,,
number of unduplicated persons - DYCD-administered facilities,202103,46,139,112,261,9,9,8
number of unduplicated persons - DYCD-administered crisis shelters,202103,29,62,61,123,9,9,8
number of unduplicated persons - DYCD-administered drop-in centers,202103,12,55,26,79,,,
number of unduplicated persons - DYCD-administered transitional independent living facilities,202103,6,23,26,59,0,0,0
average monthly utilization rates - DYCD-administered facilities *,202103,,0.74,,,,,
average monthly utilization rates - DYCD-administered crisis shelters*,202103,,0.67,,,,,
average monthly utilization rates - DYCD-administered drop-in centers,202103,,,,,,,
average monthly utilization rates - DYCD-administered transitional independent living facilities *,202103,,0.78,,,,,
,202103,,,,,,,
number of individuals who are on wait-lists for DYCD-administered facilities,202103,,,,,,,
number of individuals who are on wait-list - DYCD-administered facilities,202103,,,,,,,
number of individuals who are on wait-list - DYCD-administered crisis shelters,202103,,,,,,,
number of individuals who are on wait-list - DYCD-administered drop-in centers,202103,,,,,,,
number of individuals who are on wait-list - DYCD-administered transitional independent living facilities,202103,,,,,,,
,202103,,,,,,,
"Average Length of Stay: DHS -administered facility (by type, excluding drop-in and faith-based)",202103,,,,,,,
Average Length of Stay: DYCD -administered crisis facility,202103,,29,,,,,
Average Length of Stay: DYCD - administered Transitional Independent Living Program (TIL) facility,202103,,196,,,,,
,202103,,,,,,,
number of unduplicated persons - DYCD-administered facilities,202104,51,125,136,261,7,7,5
number of unduplicated persons - DYCD-administered crisis shelters,202104,29,50,80,130,7,7,5
number of unduplicated persons - DYCD-administered drop-in centers,202104,16,53,36,89,,,
number of unduplicated persons - DYCD-administered transitional independent living facilities,202104,6,22,20,42,0,0,0
average monthly utilization rates - DYCD-administered facilities *,202104,,0.73,,,,,
average monthly utilization rates - DYCD-administered crisis shelters*,202104,,0.71,,,,,
average monthly utilization rates - DYCD-administered drop-in centers,202104,,,,,,,
average monthly utilization rates - DYCD-administered transitional independent living facilities *,202104,,0.75,,,,,
,202104,,,,,,,
number of individuals who are on wait-lists for DYCD-administered facilities,202104,,,,,,,
number of individuals who are on wait-list - DYCD-administered facilities,202104,,,,,,,
number of individuals who are on wait-list - DYCD-administered crisis shelters,202104,,,,,,,
number of individuals who are on wait-list - DYCD-administered drop-in centers,202104,,,,,,,
number of individuals who are on wait-list - DYCD-administered transitional independent living facilities,202104,,,,,,,
,202104,,,,,,,
"Average Length of Stay: DHS -administered facility (by type, excluding drop-in and faith-based)",202104,,,,,,,
Average Length of Stay: DYCD -administered crisis facility,202104,,32,,,,,
Average Length of Stay: DYCD - administered Transitional Independent Living Program (TIL) facility,202104,,220,,,,,
,202104,,,,,,,
number of unduplicated persons - DYCD-administered facilities,202104,43,148,129,277,5,5,5
number of unduplicated persons - DYCD-administered crisis shelters,202104,23,61,63,124,4,4,4
number of unduplicated persons - DYCD-administered drop-in centers,202104,16,64,41,105,,,
number of unduplicated persons - DYCD-administered transitional independent living facilities,202104,4,23,25,48,1,1,1
average monthly utilization rates - DYCD-administered facilities *,202104,,0.73,,,,,
average monthly utilization rates - DYCD-administered crisis shelters*,202104,,0.74,,,,,
average monthly utilization rates - DYCD-administered drop-in centers,202104,,,,,,,
average monthly utilization rates - DYCD-administered transitional independent living facilities *,202104,,0.72,,,,,
,202104,,,,,,,
number of individuals who are on wait-lists for DYCD-administered facilities,202104,,,,,,,
number of individuals who are on wait-list - DYCD-administered facilities,202104,,,,,,,
number of individuals who are on wait-list - DYCD-administered crisis shelters,202104,,,,,,,
number of individuals who are on wait-list - DYCD-administered drop-in centers,202104,,,,,,,
number of individuals who are on wait-list - DYCD-administered transitional independent living facilities,202104,,,,,,,
,202104,,,,,,,
"Average Length of Stay: DHS -administered facility (by type, excluding drop-in and faith-based)",202104,,,,,,,
Average Length of Stay: DYCD -administered crisis facility,202104,,31,,,,,
Average Length of Stay: DYCD - administered Transitional Independent Living Program (TIL) facility,202104,,214,,,,,
,202104,,,,,,,
number of unduplicated persons - DYCD-administered facilities,202106,41,120,111,231,9,9,7
number of unduplicated persons - DYCD-administered crisis shelters,202106,19,57,52,109,8,8,6
number of unduplicated persons - DYCD-administered drop-in centers,202106,12,43,33,76,,,
number of unduplicated persons - DYCD-administered transitional independent living facilities,202106,10,20,26,46,1,1,1
average monthly utilization rates - DYCD-administered facilities *,202106,,0.72,,,,,
average monthly utilization rates - DYCD-administered crisis shelters*,202106,,0.7,,,,,
average monthly utilization rates - DYCD-administered drop-in centers,202106,,,,,,,
average monthly utilization rates - DYCD-administered transitional independent living facilities *,202106,,0.73,,,,,
,202106,,,,,,,
number of individuals who are on wait-lists for DYCD-administered facilities,202106,,,,,,,
number of individuals who are on wait-list - DYCD-administered facilities,202106,,,,,,,
number of individuals who are on wait-list - DYCD-administered crisis shelters,202106,,,,,,,
number of individuals who are on wait-list - DYCD-administered drop-in centers,202106,,,,,,,
number of individuals who are on wait-list - DYCD-administered transitional independent living facilities,202106,,,,,,,
,202106,,,,,,,
"Average Length of Stay: DHS -administered facility (by type, excluding drop-in and faith-based)",202106,,,,,,,
Average Length of Stay: DYCD -administered crisis facility,202106,,32,,,,,
Average Length of Stay: DYCD - administered Transitional Independent Living Program (TIL) facility,202106,,169,,,,,
,202106,,,,,,,
number of unduplicated persons - DYCD-administered facilities,202107,46,176,141,317,11,11,10
number of unduplicated persons - DYCD-administered crisis shelters,202107,23,89,78,167,7,7,7
number of unduplicated persons - DYCD-administered drop-in centers,202107,10,61,40,101,,,
number of unduplicated persons - DYCD-administered transitional independent living facilities,202107,13,26,23,49,4,4,3
average monthly utilization rates - DYCD-administered facilities,202107,,0.72,,,,,
average monthly utilization rates - DYCD-administered crisis shelters,202107,,0.71,,,,,
average monthly utilization rates - DYCD-administered drop-in centers,202107,,,,,,,
average monthly utilization rates - DYCD-administered transitional independent living facilities,202107,,0.72,,,,,
,202107,,,,,,,
number of individuals who are on wait-lists for DYCD-administered facilities,202107,,,,,,,
number of individuals who are on wait-list - DYCD-administered facilities,202107,,,,,,,
number of individuals who are on wait-list - DYCD-administered crisis shelters,202107,,,,,,,
number of individuals who are on wait-list - DYCD-administered drop-in centers,202107,,,,,,,
number of individuals who are on wait-list - DYCD-administered transitional independent living facilities,202107,,,,,,,
,202107,,,,,,,
"Average Length of Stay: DHS -administered facility (by type, excluding drop-in and faith-based)",202107,,,,,,,
Average Length of Stay: DYCD -administered crisis facility,202107,,33,,,,,
Average Length of Stay: DYCD - administered Transitional Independent Living Program (TIL) facility,202107,,159,,,,,
,202107,,,,,,,
number of unduplicated persons - DYCD-administered facilities,202108,46,176,141,317,11,11,10
number of unduplicated persons - DYCD-administered crisis shelters,202108,21,51,63,114,5,5,4
number of unduplicated persons - DYCD-administered drop-in centers,202108,9,76,54,130,,,
number of unduplicated persons - DYCD-administered transitional independent living facilities,202108,6,31,14,45,1,1,1
average monthly utilization rates - DYCD-administered facilities,202108,,0.71,,,,,
average monthly utilization rates - DYCD-administered crisis shelters,202108,,0.72,,,,,
average monthly utilization rates - DYCD-administered drop-in centers,202108,,,,,,,
average monthly utilization rates - DYCD-administered transitional independent living facilities,202108,,0.7,,,,,
number of individuals who are on wait-lists for DYCD-administered facilities,202108,,,,,,,
number of individuals who are on wait-list - DYCD-administered facilities,202108,,,,,,,
number of individuals who are on wait-list - DYCD-administered crisis shelters,202108,,,,,,,
number of individuals who are on wait-list - DYCD-administered drop-in centers,202108,,,,,,,
number of individuals who are on wait-list - DYCD-administered transitional independent living facilities,202108,,,,,,,
"Average Length of Stay: DHS -administered facility (by type, excluding drop-in and faith-based)",202108,,,,,,,
Average Length of Stay: DYCD -administered crisis facility,202108,,31,,,,,
Average Length of Stay: DYCD - administered Transitional Independent Living Program (TIL) facility,202108,,194,,,,,
"* “bed utilization does not reflect beds that are offline due to COVID 19""",,,,,,,,
"* “bed utilization does not reflect beds that are offline due to COVID 19""",,,,,,,,
OLD Language,,,,,,,,
"* “bed utilization does not reflect beds that are offline due to COVID 19""",,,,,,,,
New Language,,,,,,,,
*bed utilization does  not reflect beds being used for social distancing due to COVID 19,,,,,,,,
*bed utilization does  not reflect beds being used for social distancing due to COVID 19,,,,,,,,
*bed utilization does  not reflect beds being used for social distancing due to COVID 19,,,,,,,,
*bed utilization does  not reflect beds being used for social distancing due to COVID 19,,,,,,,,
*bed utilization does  not reflect beds being used for social distancing due to COVID 19,,,,,,,,
*bed utilization does  not reflect beds being used for social distancing due to COVID 19,,,,,,,,
*bed utilization does  not reflect beds being used for social distancing due to COVID 19,,,,,,,,
*bed utilization does  not reflect beds being used for social distancing due to COVID 19,,,,,,,,
